PointNumber,X,Y,Reached
0,0.644368256927634,-0.5049830080611007,0
